fixture,ts_ms,outcome_idx,outcome,in_running,event_driven,z,prob_before,prob_after,entry_odds,lock_immediate,lock_60s,lock_120s,lock_300s,lock_600s,lock_900s,unhedged_terminal,hit
18172280,1782748297209,0,part1,False,False,398.11,0.3146,0.4155,2.407,-1.99,-1.99,-1.99,-1.97,-2.11,-2.12,-100.0,False
18172280,1782748297209,2,part2,False,False,889.96,0.2289,0.2801,3.57,-3.25,-3.25,-3.25,-3.31,-3.12,-3.26,-100.0,False
18172280,1782749611328,1,draw,False,False,2.64,0.3237,0.457,2.188,-1.72,-1.8,-35.24,-35.21,-35.23,-35.23,118.8,True
18172280,1782786871959,0,part1,True,True,19.27,0.2435,0.7491,1.335,-0.57,-1.19,-1.04,-3.68,-0.15,7.92,-100.0,False
18172280,1782787712198,0,part1,True,True,2.57,0.7488,0.7994,1.251,-0.45,1.13,3.44,-89.25,-71.52,-70.23,-100.0,False
18172280,1782787995845,1,draw,True,True,22.33,0.1936,0.7949,1.258,-0.51,5.21,10.57,-33.81,-15.03,-31.4,25.8,True
18172280,1782787995845,2,part2,True,True,6.3,0.0334,0.1048,9.545,-5.17,-26.63,-47.79,111.7,43.05,98.82,-100.0,False
18172280,1782789163405,1,draw,True,True,2.52,0.5904,0.8157,1.226,-0.34,2.19,-24.4,-19.32,-20.17,-8.72,22.6,True
18172379,1782845450959,1,draw,False,False,739.69,0.1895,0.383,2.611,-1.85,-1.85,-1.85,-1.85,-1.85,-2.24,-100.0,False
18172379,1782858181502,0,part1,False,False,3.16,0.5316,0.7017,1.425,-0.71,-27.37,-27.44,-27.59,-27.5,-27.5,42.5,True
18172379,1782861310513,0,part1,False,False,556.1,0.5142,0.7022,1.424,-0.76,-0.75,-0.75,-0.75,-0.75,-0.77,42.4,True
18172379,1782874030317,1,draw,False,False,712.86,0.1881,0.3668,2.726,-1.95,-50.31,-50.32,-50.28,-50.36,-50.28,-100.0,False
18172379,1782880301021,1,draw,False,False,3.31,0.2029,0.3666,2.728,-1.93,-2.04,-2.04,-1.42,-1.72,-1.7,-100.0,False
18172379,1782881954247,1,draw,False,False,2.91,0.2094,0.3674,2.722,-1.95,-49.63,-2.13,-2.09,-2.13,-2.13,-100.0,False
18172379,1782919266833,0,part1,False,False,232.48,0.5286,0.7092,1.41,-0.71,-25.98,-25.93,-0.25,-0.18,-0.15,41.0,True
18172379,1782931285984,1,draw,False,False,3.47,0.1967,0.352,2.841,-1.99,-49.61,-49.61,-1.75,-1.71,-1.79,-100.0,False
18172379,1782933260045,0,part1,False,False,641.89,0.5345,0.7133,1.402,-0.69,-0.69,-0.69,-25.93,-25.93,-25.93,40.2,True
18172379,1782938699231,0,part1,False,False,1422.25,0.5357,0.7143,1.4,-0.68,-0.69,-0.69,-25.92,-25.98,-26.05,40.0,True
18172379,1782940676336,0,part1,False,False,464.32,0.5347,0.7153,1.398,-0.69,-0.69,-0.69,-0.69,-0.69,-0.69,39.8,True
18172379,1782953138835,0,part1,True,True,2.85,0.4126,0.9681,1.033,-0.01,-9.16,-9.66,-10.51,-10.86,-10.93,3.3,True
18172379,1782955805969,1,draw,True,True,20.85,0.099,0.1623,6.161,-2.42,19.82,27.46,34.59,36.93,36.44,-100.0,False
18172379,1782956863017,0,part1,True,True,3.11,0.7255,0.7657,1.306,-0.52,-0.8,26.52,28.5,27.04,27.32,30.6,True
18172469,1782754202196,2,part2,True,True,8.46,0.1538,0.4237,2.36,-1.98,73.39,-4.45,-9.03,-6.97,0.63,,
18172469,1782757078304,0,part1,True,True,51.13,0.2202,0.4892,2.044,-1.45,-14.57,-14.68,-10.02,-17.83,-25.51,,
18172469,1782757078304,1,draw,True,True,18.18,0.3234,0.39,2.564,-1.88,7.78,9.45,8.81,22.47,32.1,,
18172469,1782757876751,1,draw,True,True,6.83,0.4484,0.6993,1.43,-0.7,-26.28,-25.9,-22.52,-14.3,1.61,,
18172469,1782758484594,1,draw,True,True,3.86,0.5357,0.7037,1.421,-0.66,-11.69,-26.07,0.7,12.63,-28.64,,
18172469,1782758975178,2,part2,True,True,2.52,0.0882,0.1474,6.783,-6.59,-64.56,-69.46,-73.83,-80.34,-46.0,,
18175397,1782747310962,1,draw,False,False,2.83,0.288,0.4263,2.346,-1.92,-38.59,-2.05,-2.05,-38.55,-38.4,-100.0,False
18175397,1782752144576,0,part1,False,False,203.56,0.2276,0.2695,3.711,-3.4,-3.6,-3.6,-3.35,-18.0,-17.34,-100.0,False
18175397,1782752144576,2,part2,False,False,273.31,0.3452,0.4581,2.183,-1.77,-1.61,-1.61,-1.55,-27.4,-27.93,118.3,True
18175397,1782752696468,1,draw,False,False,2.65,0.2917,0.4281,2.336,-1.91,-38.44,-38.09,-38.12,-37.8,-37.8,-100.0,False
18175397,1782770040603,1,draw,False,False,196.52,0.2738,0.4316,2.317,-1.9,-1.9,-2.08,-38.18,-2.07,-2.07,-100.0,False
18175397,1782777646484,1,draw,False,False,1414.03,0.2751,0.4314,2.318,-1.87,-1.87,-1.87,-1.94,-2.01,-2.01,-100.0,False
18175397,1782780873372,1,draw,False,False,1382.84,0.275,0.432,2.315,-1.89,-38.16,-38.16,-2.29,-1.62,-37.82,-100.0,False
18175397,1782831719967,0,part1,False,False,57.77,0.2212,0.2663,3.755,-3.42,-3.25,-3.25,-3.3,-3.39,-3.73,-100.0,False
18175397,1782831719967,2,part2,False,False,119.02,0.346,0.4513,2.216,-1.79,-1.77,-1.77,-1.67,-1.62,-1.42,121.6,True
18175397,1782841221154,2,part2,True,True,4.06,0.257,0.6506,1.537,-0.85,-2.97,40.05,1.01,0.18,-2.26,53.7,True
18175397,1782844513122,0,part1,True,True,15.66,0.0821,0.2324,4.303,-3.82,-12.45,-15.84,-7.32,-38.79,-96.43,-100.0,False
18175397,1782844513122,1,draw,True,True,42.88,0.2415,0.5171,1.934,-1.44,6.34,8.23,-2.46,25.27,-76.24,-100.0,False
18175397,1782845199058,2,part2,True,True,3.38,0.2803,0.819,1.221,-0.36,1.09,2.49,6.56,16.22,16.22,22.1,True
18175918,1782875185145,1,draw,False,False,859.19,0.1191,0.3132,3.193,-1.9,-63.25,-63.25,-63.1,-2.16,-63.25,-100.0,False
18175918,1783018830399,0,part1,False,False,772.69,0.6309,0.8467,1.181,-0.35,-26.01,-25.9,-0.18,-26.02,-26.02,18.1,True
18175918,1783040349273,0,part1,False,False,417.42,0.6343,0.8518,1.174,-0.3,-25.86,-25.93,-0.18,-0.07,-25.87,17.4,True
18175918,1783043752632,1,draw,False,False,2.64,0.1301,0.3033,3.297,-2.02,-66.13,-1.77,-1.77,-65.94,-65.94,-100.0,False
18175918,1783046706188,1,draw,False,False,872.63,0.1032,0.3025,3.306,-1.93,-1.79,-1.79,-1.79,-1.79,-1.79,-100.0,False
18175918,1783049767106,1,draw,False,False,1142.55,0.1041,0.3029,3.302,-1.91,-66.47,-66.47,-66.47,-2.47,-2.47,-100.0,False
18175918,1783052805562,0,part1,False,False,3.21,0.6652,0.8562,1.168,-0.27,-0.27,-0.27,-0.27,-0.28,-0.28,16.8,True
18175918,1783057369086,0,part1,False,False,117.35,0.6542,0.854,1.171,-0.36,-24.09,-23.67,-0.28,-0.19,-23.66,17.1,True
18175918,1783094562995,0,part1,False,False,532.22,0.6635,0.8576,1.166,-0.27,-23.25,-0.28,-23.39,-0.28,-23.3,16.6,True
18175918,1783096506054,0,part1,False,False,3.59,0.6734,0.8576,1.166,-0.28,-23.28,-23.26,-24.05,-23.29,-23.29,16.6,True
18175918,1783097633111,0,part1,False,False,85.53,0.6622,0.8576,1.166,-0.29,-23.26,-23.14,-23.14,-23.38,-23.35,16.6,True
18175918,1783098297624,0,part1,False,False,2.58,0.6873,0.8562,1.168,-0.33,-23.23,-23.23,-23.35,-0.36,-23.76,16.8,True
18175918,1783099017380,0,part1,False,False,3.15,0.678,0.8554,1.169,-0.29,-23.67,-23.67,-23.69,-23.52,-23.56,16.9,True
18175918,1783104387917,0,part1,False,False,3.74,0.6694,0.854,1.171,-0.28,-23.79,-23.74,-23.74,-23.75,-23.75,17.1,True
18175918,1783105529372,0,part1,False,False,3.46,0.6717,0.854,1.171,-0.3,-0.31,-0.31,-0.25,-0.29,-24.0,17.1,True
18175918,1783107052171,0,part1,False,False,3.16,0.6729,0.854,1.171,-0.33,-0.33,-0.33,-0.22,-23.78,-23.78,17.1,True
18175918,1783109250752,0,part1,False,False,2.52,0.6849,0.8554,1.169,-0.35,-23.51,-23.54,-23.37,-23.14,-23.11,16.9,True
18175918,1783110118596,0,part1,False,False,2.62,0.6864,0.8569,1.167,-0.36,-23.18,-23.18,-23.17,-0.41,-23.44,16.7,True
18175918,1783112048582,0,part1,False,False,2.61,0.6884,0.8576,1.166,-0.33,-0.48,-23.11,-0.52,-23.17,-23.51,16.6,True
18175918,1783113618629,0,part1,False,True,2.79,0.6823,0.8576,1.166,-0.31,-24.03,-23.91,-23.8,-23.51,0.44,16.6,True
18175918,1783120837564,1,draw,True,True,90.27,0.0501,0.3228,3.098,-1.89,1.5,2.13,3.02,19.65,33.39,-100.0,False
18175918,1783120837564,2,part2,True,True,65.39,0.0106,0.0553,18.1,-17.17,-46.74,-46.15,-53.23,-47.66,-36.98,-100.0,False
18175918,1783122375331,1,draw,True,True,2.51,0.4571,0.5807,1.722,-0.95,1.54,3.69,19.01,37.86,2.11,-100.0,False
18175918,1783123091548,1,draw,True,True,2.59,0.5621,0.9506,1.052,-0.04,-63.69,-62.23,-38.19,-93.09,-95.84,-100.0,False
18175918,1783123658707,0,part1,True,True,2.88,0.4336,0.9285,1.077,-0.16,1.31,1.92,2.62,4.14,-56.46,7.7,True
18175918,1783125126867,0,part1,True,True,11.17,0.3775,0.9372,1.067,-0.17,-1.62,-1.62,-1.05,2.51,2.51,6.7,True
18175981,1782761117705,0,part1,False,False,2.54,0.6025,0.7698,1.299,-0.57,-0.57,-25.77,-25.77,-25.77,-25.77,29.9,True
18175981,1782762312783,0,part1,False,False,577.81,0.578,0.7716,1.296,-0.53,-25.99,-25.99,-25.99,-25.99,0.0,29.6,True
18175981,1782770984886,0,part1,False,False,2.55,0.6013,0.7616,1.313,-0.53,-25.15,-0.66,-25.15,-25.04,-25.04,31.3,True
18175981,1782788439582,0,part1,False,False,2.83,0.5916,0.7564,1.322,-0.6,-25.32,-25.41,-25.3,-0.57,-0.57,32.2,True
18175981,1782834606401,0,part1,False,False,85.9,0.5755,0.7593,1.317,-0.54,-0.52,-0.52,-0.65,-25.4,-0.54,31.7,True
18175981,1782840584795,0,part1,False,False,3.46,0.5882,0.7605,1.315,-0.56,-25.38,-25.38,-0.56,-0.56,-0.6,31.5,True
18175981,1782842264295,0,part1,False,False,2.66,0.5975,0.761,1.314,-0.63,-0.59,-0.59,-25.37,-0.48,-25.2,31.4,True
18175981,1782851361942,0,part1,False,False,2.51,0.6037,0.7593,1.317,-0.62,-25.15,-0.51,-25.44,-25.62,-0.51,31.7,True
18175981,1782857555209,0,part1,True,True,41.33,0.8824,0.9766,1.024,-0.11,0.29,0.08,0.57,-0.89,-0.89,2.4,True
18175983,1782746739346,0,part1,False,False,320.6,0.5318,0.7184,1.392,-0.71,-0.72,-0.72,-26.81,-26.8,-0.71,-100.0,False
18175983,1782747571812,0,part1,False,False,2.55,0.5571,0.7184,1.392,-0.72,-0.71,-26.54,-0.54,-26.28,-26.23,-100.0,False
18175983,1782749293537,0,part1,False,False,2.82,0.5564,0.7179,1.393,-0.7,-26.21,-26.16,-26.21,-26.35,-26.36,-100.0,False
18175983,1782750009460,0,part1,False,False,2.97,0.5543,0.7163,1.396,-0.65,-0.65,-0.65,-0.91,-0.61,-26.61,-100.0,False
18175983,1782753759279,0,part1,False,False,672.84,0.5332,0.7153,1.398,-0.7,-0.45,-26.09,-0.26,-0.25,-0.21,-100.0,False
18175983,1782767553493,2,part2,True,True,15.39,0.0692,0.3129,3.196,-2.91,-13.17,-15.28,189.27,-15.42,-15.15,-100.0,False
18175983,1782769676054,0,part1,True,True,11.35,0.3624,0.6083,1.644,-0.94,-5.66,-6.69,-7.9,-12.88,-23.9,-100.0,False
18175983,1782770110104,1,draw,True,True,2.66,0.3517,0.3919,2.552,-1.66,-0.33,1.25,6.18,12.34,29.91,155.2,True
18175983,1782770813164,1,draw,True,True,5.66,0.4229,0.6707,1.491,-0.82,-28.15,-26.04,-22.71,-12.01,7.52,49.1,True
18175983,1782771442585,1,draw,True,True,2.8,0.5218,0.6711,1.49,-0.82,-7.7,-35.57,9.02,-36.75,-4.32,49.0,True
18175983,1782771779307,2,part2,True,True,3.42,0.0543,0.0943,10.6,-11.02,0.1,-72.32,-15.63,-33.74,-57.0,-100.0,False
18175983,1782773143317,0,part1,True,True,4.15,0.4065,0.9259,1.08,-0.21,-1.15,-1.15,-54.73,-58.81,-69.4,-100.0,False
18175983,1782774647798,1,draw,True,True,2.9,0.6887,0.9083,1.101,-0.17,3.53,3.53,3.53,3.53,3.53,10.1,True
18176123,1783095119802,0,part1,False,False,2.55,0.21,0.2635,3.795,-3.55,-3.43,-26.87,-26.96,-26.91,-3.51,-100.0,False
18176123,1783095119802,2,part2,False,False,2.55,0.3109,0.404,2.475,-2.09,-2.06,-28.53,-28.58,-28.39,-2.08,-100.0,False
18176123,1783102425576,2,part2,True,True,7.93,0.3193,0.7874,1.27,-0.45,-18.7,0.23,1.99,4.59,6.42,-100.0,False
18176123,1783106241495,0,part1,True,True,62.88,0.0781,0.2454,4.075,-3.69,-17.36,-19.55,-25.04,-29.5,-32.74,-100.0,False
18176123,1783106241495,1,draw,True,True,75.43,0.246,0.4753,2.104,-1.64,7.5,8.09,13.29,19.38,23.28,110.4,True
18176123,1783107738522,0,part1,True,True,3.48,0.1639,0.204,4.902,-4.18,-29.9,-34.18,-42.8,-63.76,-14.26,-100.0,False
18176123,1783109453765,1,draw,True,True,2.8,0.6287,0.8417,1.188,-0.32,-27.19,2.25,10.29,-17.71,-9.59,18.8,True
18176123,1783110988724,1,draw,True,True,2.65,0.8055,0.9699,1.031,-0.09,-0.09,-0.09,-0.09,-0.09,-0.09,3.1,True
18179549,1782943030134,0,part1,False,False,1915.99,0.4477,0.6373,1.569,-0.91,-30.99,-30.99,-30.99,-31.03,-31.03,56.9,True
18179549,1783043849609,1,draw,False,False,1418.42,0.2135,0.4137,2.417,-1.67,-1.67,-1.67,-1.67,-49.86,-1.67,-100.0,False
18179549,1783049016869,1,draw,False,False,2.65,0.2364,0.4117,2.429,-1.68,-49.94,-49.94,-49.93,-49.93,-50.02,-100.0,False
18179549,1783049956501,1,draw,False,False,3.46,0.2277,0.4124,2.425,-1.7,-1.73,-1.73,-50.07,-50.1,-50.07,-100.0,False
18179549,1783055397976,1,draw,False,False,2.83,0.2342,0.4107,2.435,-1.72,-49.89,-49.89,-49.89,-49.81,-1.25,-100.0,False
18179549,1783057554404,1,draw,False,False,2.59,0.2386,0.4092,2.444,-1.71,-0.88,-0.88,-49.41,-0.96,-49.35,-100.0,False
18179549,1783097712101,1,draw,False,False,2.65,0.2373,0.4052,2.468,-1.75,-48.96,-1.62,-1.28,-48.82,-0.7,-100.0,False
18179549,1783098735213,0,part1,False,False,2.94,0.504,0.6807,1.469,-0.8,-0.8,-30.11,-30.13,-0.81,-0.81,46.9,True
18179549,1783102187578,1,draw,False,False,3320.39,0.2135,0.4092,2.444,-1.72,-1.72,-1.72,-1.72,-49.62,-1.77,-100.0,False
18179549,1783103763847,0,part1,False,False,3.16,0.5023,0.6821,1.466,-0.81,-0.88,-0.81,-0.81,-29.91,-0.78,46.6,True
18179549,1783110591894,0,part1,False,False,2.65,0.5114,0.6821,1.466,-0.81,-29.35,-29.35,-29.35,-29.38,-0.83,46.6,True
18179549,1783111313549,0,part1,False,False,2.99,0.5078,0.6817,1.467,-0.76,-0.76,-0.76,-0.76,-0.76,-0.76,46.7,True
18179549,1783112401348,1,draw,False,False,2333.19,0.2147,0.4093,2.443,-1.69,-1.67,-1.67,-1.58,-1.53,-1.56,-100.0,False
18179549,1783120301875,0,part1,False,False,203.44,0.487,0.6812,1.468,-0.77,-29.0,-0.22,-28.83,-28.59,-28.32,46.8,True
18179549,1783122718948,0,part1,False,False,4.05,0.5043,0.6863,1.457,-0.73,-29.54,-29.61,-29.56,-0.74,-29.53,45.7,True
18179549,1783125594842,0,part1,False,False,2.58,0.5158,0.6859,1.458,-0.78,-29.69,-29.64,-29.72,-0.74,-30.62,45.8,True
18179549,1783129494725,0,part1,True,True,3.09,0.5216,0.885,1.13,-0.25,-0.19,-4.43,-3.77,3.58,3.65,13.0,True
18179549,1783131021468,0,part1,True,True,2.57,0.8791,0.956,1.046,-0.1,-10.92,1.28,-10.67,-10.69,-12.0,4.6,True
18179549,1783135567879,0,part1,True,True,2.66,0.9034,0.9533,1.049,-0.13,-0.1,1.42,2.44,2.44,2.44,4.9,True
18179550,1782770078982,1,draw,False,False,784.23,0.2941,0.4527,2.209,-1.75,-1.75,-1.75,-1.61,-1.65,-1.61,,
18179550,1782841880171,1,draw,False,False,421.27,0.2958,0.4566,2.19,-1.72,-1.76,-1.76,-37.38,-37.38,-1.91,,
18179550,1782874925564,1,draw,False,False,3.01,0.303,0.4344,2.302,-1.87,-1.9,-35.65,-35.65,-35.65,-35.72,,
18179550,1782877125608,1,draw,False,False,964.01,0.2889,0.4342,2.303,-1.88,-35.58,-35.58,-35.6,-1.89,-1.92,,
18179550,1782919067700,0,part1,False,False,2.65,0.364,0.4521,2.212,-1.79,-1.72,-1.72,-1.72,-24.17,-24.16,,
18179550,1782926844182,1,draw,False,False,2.65,0.3011,0.4221,2.369,-1.96,-34.74,-2.0,-34.51,-34.46,-34.57,,
18179550,1782928079326,1,draw,False,False,2.83,0.3006,0.4219,2.37,-1.94,-34.58,-34.58,-34.61,-34.58,-34.61,,
18179550,1782937540167,2,part2,True,True,8.44,0.2199,0.4808,2.08,-1.6,49.99,49.72,51.19,59.78,-0.32,,
18179550,1782940455800,2,part2,True,True,22.12,0.4739,0.7905,1.265,-0.48,0.75,2.47,6.49,11.25,14.09,,
18179550,1782942538862,1,draw,True,True,14.04,0.0565,0.1904,5.251,-2.1,-10.44,-13.07,311.67,389.33,151.66,,
18179550,1782942708441,0,part1,True,True,17.24,0.0143,0.1437,6.957,-3.76,6.88,95.59,-46.38,122.88,122.84,,
18179550,1782944015079,1,draw,True,True,2.83,0.55,0.8,1.25,-0.44,-28.23,-27.17,-23.37,-19.99,-7.02,,
18179551,1782949916586,1,draw,False,False,2.97,0.1917,0.3618,2.764,-1.91,-1.91,-1.91,-1.91,-53.95,-53.95,-100.0,False
18179551,1782958113800,0,part1,False,False,248.03,0.5367,0.7331,1.364,-0.66,-27.78,-27.78,-0.35,-27.78,-0.31,36.4,True
18179551,1783021033686,0,part1,True,True,2.71,0.4648,0.8889,1.125,-0.3,-1.9,-1.74,-0.73,-0.43,-1.91,12.5,True
18179551,1783024246718,0,part1,True,True,28.26,0.8917,0.9785,1.022,-0.17,-0.17,0.36,0.11,0.11,0.11,2.2,True
18179552,1782959158833,1,draw,False,False,1189.81,0.2962,0.4515,2.215,-1.75,-1.73,-1.73,-1.72,-1.73,-1.73,-100.0,False
18179552,1782960676379,1,draw,False,False,2.55,0.3166,0.4515,2.215,-1.73,-1.59,-1.59,-1.93,-1.91,-36.44,-100.0,False
18179552,1783011904727,1,draw,False,False,3.32,0.2985,0.4502,2.221,-1.71,-1.71,-38.65,-1.44,-38.69,-38.63,-100.0,False
18179552,1783019790059,1,draw,False,False,3.75,0.3029,0.4554,2.196,-1.68,-1.68,-1.59,-1.62,-1.62,-37.68,-100.0,False
18179552,1783025664053,0,part1,False,False,449.1,0.3586,0.4876,2.051,-1.58,-28.09,-28.09,-28.27,-1.86,-28.86,105.1,True
18179552,1783028277523,1,draw,False,False,2.84,0.3121,0.4579,2.184,-1.7,-37.63,-1.66,-37.59,-37.52,-37.52,-100.0,False
18179552,1783033842704,1,draw,False,False,1757.33,0.2943,0.4587,2.18,-1.72,-1.72,-1.72,-1.61,-1.57,-37.68,-100.0,False
18179552,1783037959627,1,draw,False,False,1385.81,0.2942,0.461,2.169,-1.67,-1.67,-1.67,-1.67,-1.63,-1.87,-100.0,False
18179552,1783048126399,2,part2,True,True,2.54,0.2166,0.2716,3.682,-3.42,-2.55,-23.45,-86.12,-88.23,-90.62,-100.0,False
18179552,1783048279797,0,part1,True,True,3.72,0.374,0.6601,1.515,-0.88,15.47,-0.34,15.97,18.93,21.39,51.5,True
18179552,1783051594091,0,part1,True,True,33.6,0.7054,0.9149,1.093,-0.15,0.36,0.56,1.32,2.0,3.21,9.3,True
18179759,1782747956876,0,part1,False,False,146.77,0.3108,0.4274,2.34,-1.93,-1.93,-1.93,-1.93,-29.58,-1.32,134.0,True
18179759,1782747956876,2,part2,False,False,202.88,0.1909,0.2462,4.062,-3.83,-3.83,-3.83,-3.83,-26.52,-5.49,-100.0,False
18179759,1782788564435,0,part1,False,False,190.72,0.3086,0.427,2.342,-1.92,-29.19,-1.08,-0.91,-28.9,-0.82,134.2,True
18179759,1782788564435,2,part2,False,False,55.12,0.1851,0.2407,4.155,-3.92,-27.31,-5.04,-5.26,-28.26,-5.38,-100.0,False
18179759,1782790104447,1,draw,False,False,1826.75,0.3312,0.5063,1.975,-1.43,-36.3,-36.3,-36.3,-36.28,-1.38,-100.0,False
18179759,1782840016690,1,draw,False,False,805.98,0.3333,0.5147,1.943,-1.43,-1.43,-36.77,-36.77,-1.39,-1.39,-100.0,False
18179759,1782848224103,0,part1,False,False,2.65,0.3224,0.4357,2.295,-1.84,-1.84,-1.81,-1.81,-31.26,-31.22,129.5,True
18179759,1782848224103,2,part2,False,False,2.62,0.1847,0.2312,4.326,-4.05,-4.05,-4.09,-4.09,-27.51,-27.55,-100.0,False
18179759,1782860080845,1,draw,False,False,2.74,0.3535,0.516,1.938,-1.39,-1.53,-1.45,-1.21,-1.26,-0.94,-100.0,False
18179759,1782872584211,0,part1,True,True,5.67,0.3671,0.8489,1.178,-0.34,-15.79,-0.29,0.14,8.6,8.32,17.8,True
18179763,1782931022954,0,part1,False,False,340.56,0.3909,0.5371,1.862,-1.37,-1.37,-1.37,-1.46,-1.46,-1.46,,
18179763,1782945593888,1,draw,False,False,2.82,0.2782,0.4244,2.356,-1.83,-1.89,-1.83,-1.89,-40.75,-2.15,,
18179763,1782960994874,1,draw,False,False,1846.3,0.2544,0.4115,2.43,-1.93,-1.93,-40.1,-40.11,-2.5,-2.5,,
18179763,1783024169027,0,part1,False,False,4.46,0.4314,0.5787,1.728,-1.16,-1.19,-1.19,-28.29,-1.19,-28.89,,
18179763,1783025421019,0,part1,False,False,4.68,0.4253,0.578,1.73,-1.16,-1.16,-1.16,-29.56,-1.89,-29.75,,
18179763,1783037622552,2,part2,True,True,32.96,0.1483,0.4669,2.142,-1.66,-3.16,-5.04,2.61,0.59,-74.83,,
18179763,1783038446333,0,part1,True,True,5.18,0.2032,0.4634,2.158,-1.55,-10.43,-14.8,-20.9,-30.85,-45.75,,
18179763,1783038446333,1,draw,True,True,7.97,0.3282,0.4115,2.43,-1.78,6.59,12.68,20.54,31.11,45.95,,
18179763,1783039274508,2,part2,True,True,2.96,0.1257,0.175,5.715,-5.5,-10.2,-27.0,-37.98,-46.83,-99.04,,
18179763,1783040069289,0,part1,True,True,9.73,0.2486,0.9174,1.09,-0.19,1.16,0.3,2.5,-64.84,-64.84,,
18179764,1782783840909,1,draw,False,False,436.75,0.1707,0.3687,2.712,-1.7,-1.7,-1.7,-1.62,-1.62,-1.62,-100.0,False
18179764,1782846503537,0,part1,False,False,1655.79,0.5298,0.7616,1.313,-0.57,-31.24,-0.38,-31.2,-31.22,-31.36,31.3,True
18179764,1782847840635,0,part1,False,False,651.03,0.5299,0.7628,1.311,-0.54,-0.73,-0.73,-0.84,-31.6,-31.6,31.1,True
18179764,1782861910000,0,part1,False,False,369.9,0.5364,0.7587,1.318,-0.6,-30.21,-30.21,-30.17,-30.21,-30.16,31.8,True
18179764,1782922070133,2,part2,True,True,62.01,0.082,0.4537,2.204,-1.74,-4.9,-4.21,2.54,-59.92,26.07,-100.0,False
18179764,1782926589284,2,part2,True,True,2.53,0.2955,0.3429,2.916,-2.61,0.4,3.02,16.05,28.15,30.55,-100.0,False
18179764,1782927554171,0,part1,True,True,6.73,0.2255,0.4186,2.389,-1.61,-1.28,-5.0,-12.06,-23.35,123.59,138.9,True
18179764,1782927554171,1,draw,True,True,49.94,0.3533,0.5076,1.97,-1.3,-0.08,3.96,8.95,18.83,-88.61,-100.0,False
18179764,1782928190824,0,part1,True,True,7.57,0.3605,0.9294,1.076,-0.14,0.25,0.46,0.12,4.71,4.71,7.6,True
18185036,1783100566564,1,draw,False,False,2029.73,0.2721,0.4476,2.234,-1.69,-40.94,-40.94,-41.15,-40.57,-40.09,-100.0,False
18185036,1783111455913,1,draw,False,False,652.07,0.2767,0.4519,2.213,-1.7,-39.64,-39.79,-39.2,-38.61,-0.81,-100.0,False
18185036,1783134621592,1,draw,False,False,2.65,0.3039,0.4521,2.212,-1.69,-39.38,-39.38,-39.41,-39.71,-1.84,-100.0,False
18185036,1783177306797,1,draw,False,False,379.25,0.2715,0.445,2.247,-1.66,-40.19,-1.66,-1.67,-39.77,-1.55,-100.0,False
18185036,1783188882985,2,part2,True,True,78.26,0.343,0.7102,1.408,-0.7,-1.31,-1.45,-1.08,0.01,2.92,40.8,True
18185036,1783190803238,2,part2,True,True,16.53,0.7605,0.9671,1.034,-0.08,1.09,1.47,1.23,1.43,1.43,3.4,True
18187298,1782880128213,1,draw,False,False,488.01,0.2648,0.4234,2.362,-1.91,-1.91,-39.48,-39.49,-39.49,-39.49,-100.0,False
18187298,1782961488600,1,draw,False,False,580.7,0.2557,0.4073,2.455,-2.0,-2.0,-2.0,-2.0,-2.0,-2.0,-100.0,False
18187298,1783137511386,1,draw,False,False,2.65,0.2707,0.4031,2.481,-2.03,-1.97,-1.97,-1.97,-1.97,-1.97,-100.0,False
18187298,1783179080963,0,part1,False,False,1057.24,0.4011,0.5272,1.897,-1.38,-1.38,-1.38,-1.38,-1.38,-1.38,-100.0,False
18187298,1783188576328,1,draw,False,False,290.55,0.2528,0.4052,2.468,-1.97,-39.96,-39.95,-39.95,-39.89,-39.79,-100.0,False
18187298,1783189826125,1,draw,False,False,318.92,0.2526,0.4055,2.466,-2.0,-1.87,-39.79,-39.79,-39.8,-39.8,-100.0,False
18187298,1783193991963,1,draw,False,False,3.46,0.2644,0.4039,2.476,-1.98,-2.12,-2.14,-39.61,-39.54,-39.61,-100.0,False
18187298,1783195252147,1,draw,False,False,157.75,0.2517,0.4037,2.477,-2.01,-40.13,-40.13,-1.25,-1.25,-1.25,-100.0,False
18187298,1783276762622,1,draw,False,False,2.82,0.2682,0.4042,2.474,-1.99,-2.04,-2.04,-1.94,-2.24,-40.04,-100.0,False
18187298,1783287453735,1,draw,True,True,2.54,0.448,0.511,1.957,-1.36,0.35,3.3,-48.55,-47.85,-58.41,-100.0,False
18187298,1783287738892,2,part2,True,True,79.98,0.1329,0.6588,1.518,-0.79,-2.65,-2.56,1.04,13.16,48.77,51.8,True
18188721,1782864660555,1,draw,False,False,2.64,0.153,0.3238,3.088,-1.99,-1.99,-1.99,-61.6,-61.6,-61.6,-100.0,False
18188721,1782919402752,1,draw,False,False,314.67,0.1266,0.3189,3.136,-1.82,-2.17,-2.17,-2.17,-61.73,-61.73,-100.0,False
18188721,1783058434214,1,draw,False,False,1276.02,0.1268,0.3159,3.166,-1.87,-1.98,-1.98,-1.98,-1.98,-1.98,-100.0,False
18188721,1783117572032,2,part2,False,False,88.18,0.603,0.815,1.227,-0.42,-26.95,-26.92,-26.95,-26.95,-26.95,22.7,True
18188721,1783119557314,2,part2,False,False,221.42,0.6017,0.8163,1.225,-0.41,-27.08,-27.14,-0.5,-26.99,-27.16,22.5,True
18188721,1783130056502,1,draw,False,False,3.15,0.1442,0.3203,3.122,-1.91,-62.08,-62.01,-62.5,-62.93,-2.68,-100.0,False
18188721,1783131674803,1,draw,False,False,2.65,0.1472,0.3181,3.144,-2.0,-2.0,-2.0,-62.52,-1.84,-2.05,-100.0,False
18188721,1783180429168,2,part2,False,False,2.71,0.6357,0.8244,1.213,-0.39,-26.75,-26.75,-26.71,-0.39,-26.91,21.3,True
18188721,1783181075448,2,part2,False,False,2.75,0.6344,0.8231,1.215,-0.41,-0.41,-26.79,-26.79,-26.75,-0.41,21.5,True
18188721,1783183453577,2,part2,False,False,556.37,0.6088,0.8224,1.216,-0.44,-0.44,-0.44,-26.77,-0.6,-26.75,21.6,True
18188721,1783186103663,2,part2,False,False,646.66,0.6084,0.8237,1.214,-0.36,-0.55,-0.55,-0.55,-0.51,-0.52,21.4,True
18188721,1783187448868,2,part2,False,False,2.55,0.6369,0.8231,1.215,-0.42,-26.64,-26.61,-26.4,-26.52,-26.45,21.5,True
18188721,1783194585101,2,part2,False,False,2.93,0.6352,0.821,1.218,-0.37,-26.06,-26.09,-26.15,-26.72,-27.45,21.8,True
18188721,1783196130065,2,part2,False,False,2.51,0.631,0.8177,1.223,-0.37,-26.86,-26.8,-26.77,-0.34,-26.8,22.3,True
18188721,1783196880169,2,part2,False,False,2.53,0.6325,0.8183,1.222,-0.41,-0.39,-26.83,-26.87,-27.09,-27.4,22.2,True
18188721,1783203968349,1,draw,True,True,2.52,0.2754,0.3292,3.038,-1.83,2.1,8.16,15.96,-81.28,-81.09,-100.0,False
18188721,1783204450200,2,part2,True,True,8.83,0.6292,0.9398,1.064,-0.11,-1.32,-1.1,-0.93,-0.01,-0.85,6.4,True
18192996,1783117716133,0,part1,False,False,153.48,0.2445,0.309,3.236,-2.96,-24.94,-25.25,-3.87,-3.87,-3.87,-100.0,False
18192996,1783117716133,2,part2,False,False,324.07,0.2803,0.3909,2.558,-2.22,-29.96,-29.79,-1.37,-1.37,-1.37,155.8,True
18192996,1783274707558,1,draw,False,False,912.18,0.303,0.4852,2.061,-1.58,-1.78,-1.78,-1.71,-1.71,-1.71,-100.0,False
18192996,1783278601022,0,part1,False,False,265.82,0.235,0.3114,3.211,-2.91,-2.81,-27.26,-2.87,-25.92,-26.02,-100.0,False
18192996,1783278601022,2,part2,False,False,172.12,0.2736,0.3843,2.602,-2.24,-2.32,-31.44,-2.32,-32.43,-32.41,160.2,True
18192996,1783288441312,0,part1,False,False,315.0,0.2379,0.3137,3.188,-2.87,-2.99,-27.02,-4.2,-3.08,-27.43,-100.0,False
18192996,1783288441312,2,part2,False,False,798.81,0.269,0.3778,2.647,-2.28,-2.2,-31.05,-1.55,-1.99,-31.26,164.7,True
18192996,1783301819039,2,part2,True,True,4.6,0.2481,0.6725,1.487,-0.71,32.22,31.19,28.37,-10.96,-13.8,48.7,True
18192996,1783304046866,2,part2,True,True,2.56,0.5996,0.6402,1.562,-0.93,-0.42,-0.42,-30.6,25.82,28.85,56.2,True
18192996,1783304181571,0,part1,True,True,5.56,0.1311,0.1909,5.238,-5.02,9.99,5.4,-3.92,-80.02,-81.07,-100.0,False
18192996,1783304181571,1,draw,True,True,6.48,0.2659,0.3169,3.156,-2.63,1.14,2.63,1.34,-60.12,-63.32,-100.0,False
18192996,1783305940923,2,part2,True,True,2.93,0.5601,0.6002,1.666,-0.95,2.7,4.3,9.2,20.3,43.52,66.6,True
18192996,1783306808761,2,part2,True,True,2.52,0.6912,0.8403,1.19,-0.32,1.8,7.37,10.79,10.79,10.79,19.0,True
18193785,1782959865834,0,part1,False,False,2.57,0.3025,0.361,2.77,-2.44,-2.44,-2.19,-2.09,-1.76,-1.74,-100.0,False
18193785,1782959865834,2,part2,False,False,2.74,0.3033,0.3621,2.762,-2.43,-2.43,-2.65,-2.74,-3.13,-3.36,176.2,True
18193785,1783053662644,1,draw,False,False,1192.97,0.2794,0.4184,2.39,-2.01,-35.45,-35.45,-35.45,-35.45,-35.44,-100.0,False
18193785,1783113385259,1,draw,False,False,2491.39,0.2775,0.4144,2.413,-2.04,-1.95,-35.32,-35.31,-35.29,-35.29,-100.0,False
18193785,1783208092945,1,draw,False,False,416.97,0.2818,0.4259,2.348,-1.92,-1.92,-35.89,-35.89,-1.95,-35.92,-100.0,False
18193785,1783281175976,1,draw,False,False,1676.25,0.2779,0.412,2.427,-2.07,-34.9,-34.9,-34.84,-34.85,-2.02,-100.0,False
18193785,1783291350736,1,draw,False,False,3.08,0.2885,0.4139,2.416,-2.03,-35.8,-35.86,-35.86,-35.92,-35.89,-100.0,False
18193785,1783294220679,1,draw,False,False,204.13,0.275,0.4144,2.413,-2.03,-35.84,-2.11,-2.07,-35.26,-35.32,-100.0,False
18193785,1783296051864,1,draw,False,False,367.85,0.2776,0.4142,2.414,-2.03,-2.05,-35.33,-2.09,-35.42,-35.33,-100.0,False
18193785,1783302776375,1,draw,False,False,333.05,0.2778,0.4142,2.414,-2.01,-35.38,-35.38,-1.9,-35.37,-2.01,-100.0,False
18193785,1783304750019,1,draw,False,False,799.71,0.2769,0.4165,2.401,-1.99,-1.98,-1.98,-1.98,-35.72,-35.72,-100.0,False
18193785,1783363180730,1,draw,False,False,383.78,0.2747,0.4179,2.393,-2.02,-2.02,-2.02,-36.55,-2.01,-2.06,-100.0,False
18193785,1783367680841,1,draw,False,False,2.6,0.2948,0.4167,2.4,-2.0,-35.61,-1.86,-1.86,-1.64,-35.66,-100.0,False
18193785,1783371164814,0,part1,False,False,2.82,0.3153,0.3823,2.616,-2.25,-2.3,-2.3,-2.3,-22.16,-2.1,-100.0,False
18193785,1783371164814,2,part2,False,False,2.83,0.2807,0.3407,2.935,-2.59,-2.57,-2.57,-2.57,-22.66,-2.9,193.5,True
18193785,1783383004429,2,part2,True,True,9.76,0.2953,0.7107,1.407,-0.66,-22.08,-1.48,-16.1,8.57,8.88,40.7,True
18193785,1783384311503,1,draw,True,True,14.67,0.213,0.6579,1.52,-0.88,-48.27,-77.2,-64.28,-65.33,-66.31,-100.0,False
18193785,1783384314753,0,part1,True,True,4.36,0.0939,0.3281,3.048,-2.76,-51.62,-94.46,-96.01,-65.77,-67.82,-100.0,False
18193785,1783387288432,2,part2,True,True,76.1,0.6573,0.8953,1.117,-0.19,0.16,0.65,1.49,4.37,5.4,11.7,True
18198205,1783041329723,2,part2,False,True,2.55,0.3894,0.5076,1.97,-1.46,-28.77,-6.69,-27.56,-1.7,-26.39,97.0,True
18198205,1783049659357,1,draw,False,False,2634.68,0.2639,0.4219,2.37,-1.92,-1.75,-39.16,-39.23,-39.23,-39.23,-100.0,False
18198205,1783101572170,1,draw,False,False,2.64,0.2818,0.4179,2.393,-1.94,-1.7,-1.7,-39.35,-39.35,-39.35,-100.0,False
18198205,1783194052106,1,draw,False,False,2902.74,0.2602,0.4144,2.413,-1.94,-1.94,-1.94,-1.94,-1.94,-1.94,-100.0,False
18198205,1783195604305,1,draw,False,False,708.47,0.2604,0.4155,2.407,-1.96,-1.96,-39.48,-39.48,-1.94,-1.94,-100.0,False
18198205,1783292663712,1,draw,False,False,987.7,0.2564,0.4092,2.444,-2.0,-2.01,-2.01,-1.98,-2.01,-2.01,-100.0,False
18198205,1783294960767,1,draw,False,False,722.15,0.2563,0.41,2.439,-1.98,-1.98,-1.98,-1.98,-1.97,-39.55,-100.0,False
18198205,1783296893921,1,draw,False,False,970.36,0.257,0.4102,2.438,-1.97,-2.01,-2.01,-2.01,-39.44,-38.98,-100.0,False
18198205,1783303150575,1,draw,False,False,2923.15,0.2603,0.4134,2.419,-1.97,-39.16,-39.16,-39.16,-2.36,-2.33,-100.0,False
18198205,1783357359189,1,draw,False,False,583.03,0.2686,0.4305,2.323,-1.88,-1.8,-39.63,-39.39,-1.87,-39.47,-100.0,False
18198205,1783371258296,2,part2,True,True,11.9,0.2467,0.9042,1.106,-0.21,0.92,0.12,5.11,5.11,5.11,10.6,True
18202701,1783194094688,1,draw,False,False,2.66,0.2173,0.3911,2.557,-1.85,-1.85,-1.85,-1.91,-1.91,-1.91,-100.0,False
18202701,1783293623445,1,draw,False,False,1126.55,0.1986,0.4029,2.482,-1.74,-1.74,-1.74,-1.74,-1.74,-52.04,-100.0,False
18202701,1783360399925,1,draw,False,False,1657.48,0.1931,0.399,2.506,-1.62,-1.62,-1.62,-1.62,-1.43,-1.43,-100.0,False
18202701,1783374230188,0,part1,False,False,298.34,0.4988,0.7148,1.399,-0.7,-31.44,-31.53,-31.44,-0.88,-31.48,39.9,True
18202701,1783379200278,0,part1,False,False,2.64,0.5244,0.7138,1.401,-0.68,-0.71,-0.71,-31.34,-31.34,-31.29,40.1,True
18202701,1783382610381,1,draw,False,False,1443.16,0.1936,0.4062,2.462,-1.75,-1.58,-1.58,-1.58,-1.7,-53.92,-100.0,False
18202701,1783392605517,0,part1,False,False,2.92,0.5315,0.7199,1.389,-0.64,-30.17,-0.61,-29.99,-0.44,-29.76,38.9,True
18202701,1783433084752,1,draw,False,False,3.32,0.2036,0.3804,2.629,-1.87,-51.99,-1.51,-1.43,-1.35,-1.28,-100.0,False
18202701,1783434132103,0,part1,False,False,2.61,0.5533,0.7326,1.365,-0.64,-0.64,-0.64,-29.15,-0.58,-0.36,36.5,True
18202701,1783437624354,0,part1,False,False,3.02,0.5469,0.7353,1.36,-0.67,-29.0,-28.92,-0.67,-28.6,-29.13,36.0,True
18202701,1783439390053,0,part1,False,False,2.83,0.5504,0.731,1.368,-0.61,-28.76,-28.61,-28.71,-0.52,-33.47,36.8,True
18202701,1783441015207,2,part2,True,False,109.39,0.0864,0.5252,1.904,-1.3,-57.76,-58.6,7.28,10.06,15.83,-100.0,False
18202701,1783445034483,2,part2,True,True,18.26,0.3104,0.7037,1.421,-0.71,-48.33,-47.97,-43.11,12.73,16.77,-100.0,False
18202701,1783446507364,0,part1,True,True,6.79,0.0676,0.3131,3.194,-2.0,-2.88,-3.86,-25.93,199.63,207.41,219.4,True
18202701,1783446507364,1,draw,True,True,4.7,0.1972,0.6161,1.623,-0.95,0.48,1.82,14.47,-91.03,-94.79,-100.0,False
18202701,1783447112209,0,part1,True,True,4.88,0.2608,0.9425,1.061,-0.13,0.46,2.37,2.12,2.12,2.12,6.1,True
18202783,1783361653400,0,part1,False,False,278.23,0.2134,0.2695,3.711,-3.47,-3.47,-3.47,-3.47,-24.25,-24.25,-100.0,False
18202783,1783361653400,2,part2,False,False,180.89,0.3075,0.4214,2.373,-2.0,-2.0,-2.0,-2.0,-29.14,-29.14,-100.0,False
18202783,1783375030203,0,part1,False,False,174.58,0.2127,0.2677,3.736,-3.42,-23.9,-23.9,-23.95,-24.11,-24.11,-100.0,False
18202783,1783375030203,2,part2,False,False,317.41,0.3065,0.4248,2.354,-1.93,-30.04,-30.04,-30.05,-30.02,-30.03,-100.0,False
18202783,1783389738551,1,draw,False,False,2.65,0.3263,0.4789,2.088,-1.64,-38.34,-38.39,-1.76,-2.05,-38.48,108.8,True
18202783,1783438577934,0,part1,False,False,125.83,0.212,0.2692,3.715,-3.44,-3.9,-3.9,-24.93,-3.93,-25.26,-100.0,False
18202783,1783438577934,2,part2,False,False,225.24,0.3025,0.4243,2.357,-1.96,-1.91,-1.91,-30.35,-1.92,-30.96,-100.0,False
18202783,1783439592434,0,part1,False,False,4.13,0.2141,0.268,3.732,-3.42,-3.42,-3.42,-25.07,-3.7,-4.13,-100.0,False
18202783,1783439592434,2,part2,False,False,4.11,0.31,0.4243,2.357,-1.94,-1.95,-1.95,-30.96,-1.84,-2.19,-100.0,False
18202783,1783440723689,1,draw,False,False,2.65,0.3311,0.4892,2.044,-1.56,-1.56,-1.56,-1.56,-38.91,-1.52,104.4,True
18202783,1783442189531,0,part1,False,False,2.86,0.2171,0.2689,3.719,-3.46,-24.91,-24.91,-24.91,-3.32,-3.36,-100.0,False
18202783,1783442189531,2,part2,False,False,2.81,0.3136,0.4234,2.362,-1.97,-31.31,-31.31,-31.31,-1.98,-2.07,-100.0,False
18202783,1783445717835,0,part1,False,False,164.47,0.2111,0.271,3.69,-3.4,-3.33,-3.23,-3.23,-25.71,-25.42,-100.0,False
18202783,1783445717835,2,part2,False,False,1741.14,0.2987,0.4209,2.376,-1.97,-2.0,-2.05,-2.05,-30.88,-30.88,-100.0,False
18202783,1783446847244,0,part1,False,False,2.65,0.2189,0.2717,3.681,-3.4,-3.44,-25.6,-3.57,-26.06,-3.58,-100.0,False
18202783,1783446847244,2,part2,False,False,2.64,0.3144,0.4203,2.379,-1.98,-1.99,-30.79,-1.96,-30.79,-1.99,-100.0,False
18202783,1783462091445,1,draw,True,True,2.56,0.6294,0.8292,1.206,-0.32,0.28,5.44,-21.91,-20.3,-15.17,20.6,True
18202783,1783463550668,1,draw,True,True,2.61,0.7525,0.9116,1.097,-0.17,0.63,3.82,3.82,3.82,3.82,9.7,True
18209181,1783434023822,1,draw,False,False,2084.33,0.2408,0.417,2.398,-1.8,-44.08,-44.07,-44.07,-44.07,-44.07,-100.0,False
18209181,1783438313866,0,part1,False,False,2.65,0.4628,0.6146,1.627,-1.02,-1.02,-1.02,-29.45,-1.02,-1.03,62.7,True
18209181,1783447973699,0,part1,False,False,3.17,0.457,0.6161,1.623,-0.99,-29.65,-0.87,-0.79,-0.79,-0.97,62.3,True
18209181,1783448984360,1,draw,False,False,549.55,0.238,0.4179,2.393,-1.78,-1.78,-44.81,-44.74,-44.78,-44.78,-100.0,False
18209181,1783449947448,1,draw,False,False,1553.8,0.2381,0.4177,2.394,-1.8,-1.84,-1.84,-1.84,-44.76,-44.76,-100.0,False
18209181,1783462386687,1,draw,False,False,610.23,0.2415,0.4195,2.384,-1.79,-1.79,-1.79,-1.79,-1.86,-1.92,-100.0,False
18209181,1783622236132,0,part1,False,False,2.88,0.4399,0.6072,1.647,-1.04,-31.79,-1.01,-32.12,-32.09,-0.75,64.7,True
18209181,1783626915483,0,part1,False,False,2.52,0.4461,0.6169,1.621,-1.0,-33.43,-33.39,-1.78,-4.06,-36.36,62.1,True
18209181,1783632293319,0,part1,True,True,13.33,0.5636,0.8811,1.135,-0.25,-1.65,-3.26,-2.48,10.73,10.81,13.5,True
18213979,1783362958484,2,part2,False,False,2.65,0.3896,0.5089,1.965,-1.5,-1.56,-1.56,-1.56,-1.56,-28.57,96.5,True
18213979,1783365973726,2,part2,False,False,373.44,0.3727,0.5105,1.959,-1.49,-1.56,-1.5,-28.51,-28.51,-28.51,95.9,True
18213979,1783368160078,1,draw,False,False,340.19,0.255,0.4264,2.345,-1.88,-1.95,-1.98,-1.98,-1.98,-42.25,-100.0,False
18213979,1783373421179,2,part2,False,False,2.5,0.3939,0.5079,1.969,-1.5,-1.32,-27.73,-27.73,-27.73,-27.73,96.9,True
18213979,1783634053894,1,draw,False,False,1038.06,0.2555,0.4158,2.405,-1.95,-1.95,-1.95,-40.58,-1.86,-40.52,-100.0,False
18213979,1783716995452,2,part2,False,False,180.54,0.3783,0.512,1.953,-1.47,-27.84,-1.3,-28.07,-1.44,-28.5,95.3,True
18213979,1783805859718,0,part1,True,True,8.01,0.1571,0.4202,2.38,-2.01,-1.12,-2.01,0.26,1.62,-60.6,-100.0,False
18213979,1783806521583,1,draw,True,True,4.05,0.296,0.9259,1.08,-0.14,4.26,-64.14,-64.63,-64.67,-64.23,-100.0,False
18213979,1783808273934,0,part1,True,True,73.21,0.1928,0.5038,1.985,-1.45,1.44,-63.73,-62.0,-61.94,-64.07,-100.0,False
18213979,1783808391899,1,draw,True,True,2.55,0.3616,0.4083,2.449,-1.97,-3.93,-3.37,0.11,9.28,11.88,-100.0,False
18213979,1783809809280,1,draw,True,True,2.52,0.4833,0.5455,1.833,-1.31,1.23,-10.9,14.72,33.32,58.58,-100.0,False
18213979,1783810676194,1,draw,True,True,2.55,0.6287,0.8569,1.167,-0.37,-39.52,-38.51,-40.2,-42.27,-80.95,-100.0,False
18213979,1783811441065,2,part2,True,True,6.41,0.269,0.8065,1.24,-0.4,0.14,-1.18,-2.07,-0.97,0.11,24.0,True
18213979,1783813424961,2,part2,True,True,2.57,0.8576,0.9381,1.066,-0.12,0.59,1.16,1.16,1.16,1.16,6.6,True
18218149,1783465464044,1,draw,False,False,1145.68,0.2352,0.405,2.469,-1.93,-1.93,-1.93,-1.93,-1.93,-1.93,-100.0,False
18218149,1783620890716,1,draw,False,False,450.0,0.2385,0.4045,2.472,-1.94,-42.82,-42.82,-42.82,-42.82,-42.82,-100.0,False
18218149,1783632279606,0,part1,False,False,658.01,0.4257,0.5879,1.701,-1.12,-28.96,-1.12,-1.12,-0.96,-0.81,70.1,True
18218149,1783633665026,1,draw,False,False,2.83,0.2562,0.406,2.463,-1.94,-1.94,-1.94,-1.98,-1.89,-2.19,-100.0,False
18218149,1783704669944,0,part1,False,False,3.0,0.4487,0.6061,1.65,-1.07,-30.26,-30.45,-30.13,-30.84,-1.81,65.0,True
18218149,1783711860655,0,part1,True,True,3.95,0.4237,0.8889,1.125,-0.23,-1.84,-10.86,-9.0,3.74,-37.18,12.5,True
18218149,1783712498138,1,draw,True,True,3.15,0.2224,0.7716,1.296,-0.54,-62.63,6.42,11.33,-61.27,-60.96,-100.0,False
18218149,1783716371931,1,draw,True,True,2.53,0.4916,0.6064,1.649,-0.94,2.71,5.15,-86.74,-89.72,-95.31,-100.0,False
18218149,1783716636920,0,part1,True,True,10.26,0.361,0.9302,1.075,-0.14,-1.99,-1.41,-0.82,4.0,4.0,7.5,True
18222446,1783633398452,0,part1,False,False,2.81,0.4124,0.5679,1.761,-1.18,-32.8,-32.87,-32.83,-1.18,-32.96,76.1,True
18222446,1783717556137,1,draw,False,False,3.16,0.282,0.4619,2.165,-1.62,-44.59,-44.59,-44.56,-44.56,-44.52,-100.0,False
18222446,1783810258286,1,draw,False,False,2.55,0.2963,0.4724,2.117,-1.56,-1.56,-1.56,-1.53,-1.64,-1.52,-100.0,False
18222446,1783818678305,0,part1,True,True,3.98,0.4389,0.8467,1.181,-0.33,-2.14,-10.64,-2.07,-10.61,-9.24,18.1,True
18222446,1783823360175,1,draw,True,True,147.64,0.1679,0.5105,1.959,-1.43,0.81,3.69,3.83,-8.93,6.35,-100.0,False
18222446,1783823360175,2,part2,True,True,62.35,0.0359,0.1673,5.978,-5.67,-18.81,-22.17,-20.99,-78.47,-80.23,-100.0,False
18222446,1783824524663,2,part2,True,True,4.97,0.0464,0.0885,11.3,-10.98,-61.59,-63.6,-71.07,-22.72,-36.93,-100.0,False
18222446,1783825164334,1,draw,True,True,2.6,0.6161,0.8937,1.119,-0.18,-57.9,-58.55,-34.44,-58.8,-52.02,-100.0,False
18222446,1783826117471,1,draw,True,True,2.57,0.4652,0.7622,1.312,-0.55,-42.44,-40.63,-37.02,-33.91,-22.52,-100.0,False
18222446,1783827158737,0,part1,True,True,6.88,0.4111,0.9515,1.051,-0.07,-0.4,-2.19,-1.26,-0.05,-0.05,5.1,True
18237038,1783720357012,1,draw,False,False,1333.17,0.2881,0.4417,2.264,-1.81,-1.93,-2.53,-3.18,-37.3,-37.25,,
18237038,1783826475396,1,draw,False,False,730.14,0.2912,0.4417,2.264,-1.84,-1.85,-1.85,-36.16,-36.22,-36.23,,
18237038,1783827955424,1,draw,False,False,1228.7,0.291,0.4415,2.265,-1.83,-36.16,-36.11,-2.11,-2.15,-36.15,,
